time_s,signal
0.0,0.01580973831242593
0.002,0.4651423669690976
0.004,0.9248568104813683
0.006,1.0112172198368603
0.008,0.8374701947590111
0.01,0.6332534232975955
0.012,0.28930255846977315
0.014,-0.24903542631917586
0.016,-0.859003263890741
0.018000000000000002,-1.141405576761875
0.02,-1.0294291308013668
0.022,-0.6793506391341279
0.024,-0.5410470292721027
0.026000000000000002,0.22117829192838118
0.028,0.527882098380295
0.03,0.8589787711681923
0.032,0.9138503067836873
0.034,0.7307406037325371
0.036000000000000004,0.4198843523961932
0.038,0.005755882598558748
0.04,-0.6039476304983585
0.042,-0.7330033676350458
0.044,-1.0816705303971808
0.046,-0.8001278742014997
0.048,-0.36814831318864494
0.05,0.011821420600582496
0.052000000000000005,0.38826359299355073
0.054,0.7284270953925728
0.056,0.940470752945938
0.058,0.9325151233964595
0.06,0.4608324867727368
0.062,0.09903079751262037
0.064,-0.3881460377154848
0.066,-0.7025055109277554
0.068,-0.9552952950661013
0.07,-0.9063707638607753
0.07200000000000001,-0.7667617010052613
0.074,-0.2649879387596542
0.076,0.3472695835755036
0.078,0.8723361306217131
0.08,0.792737407272228
0.082,1.1726530871635563
0.084,0.9397481177810445
0.08600000000000001,0.4663692601079884
0.088,-0.09207969853990881
0.09,-0.6272589564262985
0.092,-0.7214906576011659
0.094,-0.751537294636454
0.096,-0.6177843341568013
0.098,-0.31638813037382885
0.1,0.044938207547637714
0.10200000000000001,0.3298156499076786
0.10400000000000001,0.8437678479134703
0.106,1.0805740813396634
0.108,0.7428241750626273
0.11,0.637469221020279
0.112,0.17938573157195414
0.114,-0.28060181372483
0.116,-0.9194081943846575
0.11800000000000001,-1.0654919441875954
0.12,-1.005935343260136
0.122,-0.8316419084227362
0.124,-0.029975955642847524
0.126,0.18633241435669443
0.128,0.7259128468720565
0.13,0.9185427400274409
0.132,1.1813984240088946
0.134,0.9365398472163754
0.136,0.4477644287564155
0.138,-0.40240993222048105
0.14,-0.5812429551378226
0.14200000000000002,-0.8188580652965208
0.14400000000000002,-0.8717852436701612
0.146,-0.9220256229472091
0.148,-0.2526478743505988
0.15,-0.16603540432833955
0.152,0.39857092917146364
0.154,0.9619042368499353
0.156,1.0041950195586846
0.158,1.1566145898684916
0.16,0.6114902857726751
0.162,0.04571329191576384
0.164,-0.4156006500154779
0.166,-0.9077176032721043
0.168,-1.1429470260944266
0.17,-0.8717864680003311
0.17200000000000001,-0.6114693738570164
0.17400000000000002,-0.0859077335392415
0.176,0.15380323234859372
0.178,0.8969411236316096
0.18,0.9149194251872961
0.182,1.180258610907565
0.184,0.7160933035616848
0.186,0.2756424248082366
0.188,-0.09392438591994115
0.19,-0.45808689328602514
0.192,-0.8845811700399232
0.194,-1.071653080177834
0.196,-1.012977376004996
0.198,-0.6579855111630731
0.2,0.06320902199609249
0.202,0.6062034994863643
0.20400000000000001,0.8236689741936968
0.20600000000000002,0.8629324995869716
0.20800000000000002,1.0146062912889078
0.21,0.426784237367704
0.212,0.03566966752752332
0.214,-0.2900356917375512
0.216,-1.0534535160916554
0.218,-0.9337038459093873
0.22,-1.0241939794721595
0.222,-0.670805911449263
0.224,-0.25820885013966377
0.226,0.2741044268596931
0.228,0.771834605845003
0.23,0.8556965686111548
0.232,1.1609662805120349
0.234,0.8618147031065964
0.23600000000000002,0.47421831821422605
0.23800000000000002,0.021140657523951056
0.24,-0.4887512764127217
0.242,-0.7986897774417988
0.244,-0.9885213351064174
0.246,-1.023735239185212
0.248,-0.4987346964318567
0.25,-0.09676134331886493
0.252,0.3028533679479605
0.254,0.876826643430899
0.256,0.9265354194209486
0.258,0.7753359998268731
0.26,0.4566348097647357
0.262,0.15908489447669544
0.264,-0.3230239427670505
0.266,-0.6042230195939187
0.268,-0.984036927665204
0.27,-0.8200521021344522
0.272,-0.5082216388834503
0.274,-0.10406421510813288
0.276,-0.048731333146372346
0.278,0.839045904232043
0.28,0.9937614714712565
0.28200000000000003,1.0355736772906632
0.28400000000000003,0.81719261928343
0.28600000000000003,0.41625371756217167
0.28800000000000003,-0.08516902171815907
0.29,-0.6329162115439275
0.292,-1.143945031990323
0.294,-1.0117220304138337
0.296,-0.9453918549850971
0.298,-0.3459303156571617
0.3,-0.03631046580113549
0.302,0.4922501444340744
0.304,0.7374956324378195
0.306,0.9338193523200403
0.308,0.9033768467348886
0.31,0.4010092110610324
0.312,0.16314238501651723
0.314,-0.3814624324293701
0.316,-0.9196096148808621
0.318,-1.283849068440234
0.32,-0.8865436258640285
0.322,-0.7219663177994342
0.324,-0.31533491684422155
0.326,0.21899501454970832
0.328,0.9129568631565598
0.33,0.9447943759625325
0.332,0.9931790464223162
0.334,0.5835237289053479
0.336,0.5752664738905593
0.338,-0.009965227392779871
0.34,-0.4536252953858076
0.342,-0.8988325238750374
0.34400000000000003,-0.8827634909335714
0.34600000000000003,-0.7976838303937344
0.34800000000000003,-0.4046492295800791
0.35000000000000003,-0.0191372513664821
0.352,0.29642207635423534
0.354,0.9736995106222458
0.356,0.7547184352122518
0.358,0.8746566133213499
0.36,0.5620679108889086
0.362,-0.005799486811466942
0.364,-0.291028399870503
0.366,-0.7957033691268607
0.368,-1.0372205344262515
0.37,-0.8856898792276018
0.372,-0.7444737476771303
0.374,-0.07403490181267869
0.376,0.2928830233478259
0.378,0.6249028904839901
0.38,0.7065781385985611
0.382,0.8178459919728667
0.384,0.907174978893414
0.386,0.3617614286212775
0.388,-0.16093432580096564
0.39,-0.3811573009795486
0.392,-1.0661116562716233
0.394,-1.0716692980157796
0.396,-0.9037526798232451
0.398,-0.408025664215029
0.4,-0.08343513401188435
0.402,0.40462046318057526
0.404,0.6424910743741432
0.406,1.0897375606814095
0.40800000000000003,1.0061937103040146
0.41000000000000003,0.5278840475618805
0.41200000000000003,0.14587214435691886
0.41400000000000003,-0.5306661974354449
0.41600000000000004,-0.8298406061093281
0.418,-0.809019091487011
0.42,-0.9339892800500129
0.422,-0.3940342776270958
0.424,-0.34767413412408327
0.426,0.3216567895961633
0.428,0.6599635495671696
0.43,1.0222043438664385
0.432,0.9813804702578514
0.434,0.6999463163054584
0.436,0.2590275203235317
0.438,0.2602004756673109
0.44,-0.5975108786642749
0.442,-1.158408709288691
0.444,-1.079583937117304
0.446,-0.7590689435481335
0.448,-0.5446264060027055
0.45,0.17106705342901182
0.452,0.6077985839147517
0.454,0.8251723561702484
0.456,0.9386487171806875
0.458,0.7784800148244498
0.46,0.49976911929604184
0.462,-0.059904701314748704
0.464,-0.21667973672869617
0.466,-0.570493208140263
0.468,-1.140238250845993
0.47000000000000003,-1.0996452839866873
0.47200000000000003,-0.9069256989178577
0.47400000000000003,-0.3698881402712475
0.47600000000000003,-0.14191128661394106
0.47800000000000004,0.5409131313194553
0.48,1.114134994213131
0.482,0.9388212313015223
0.484,0.8779715213142647
0.486,0.30663994798911465
0.488,0.09605895821456228
0.49,-0.5627349171289061
0.492,-0.9528612977016881
0.494,-0.677076398805524
0.496,-0.8851281014104735
0.498,-0.6353143806072189
0.5,0.025388838625194022
0.502,0.47687042652911293
0.504,0.9784111395063064
0.506,0.882137397768929
0.508,1.0060148495734398
0.51,0.6950126956935766
0.512,0.04137600141893523
0.514,-0.34759770568557646
0.516,-0.8749747710081055
0.518,-0.6873175015619492
0.52,-1.0395973787724944
0.522,-0.7415182010890984
0.524,-0.3827119231092535
0.526,0.20516744095214562
0.528,0.6838082346884576
0.53,1.0476008888681327
0.532,0.9055226190148851
0.534,0.7471534041759683
0.536,0.19001044447273582
0.538,-0.22937355553728828
0.54,-0.24126079733756028
0.542,-0.7738976526993367
0.544,-1.096285599704571
0.546,-1.012496725528349
0.548,-0.6044267205637764
0.55,-0.0027274811871038445
0.552,0.4861204623039005
0.554,0.7507295351670831
0.556,0.8362485540030307
0.558,1.0836816806822047
0.56,0.6445816909084653
0.562,0.07823379861479896
0.5640000000000001,-0.39587123061891005
0.5660000000000001,-0.8370981729097953
0.5680000000000001,-1.351475420217717
0.5700000000000001,-0.9365128115027034
0.5720000000000001,-0.8191609387998485
0.5740000000000001,-0.3747707628670588
0.5760000000000001,0.16818115193414845
0.578,0.7766291715978987
0.58,0.8038700593985907
0.582,0.8019359052318225
0.584,0.8509703817131712
0.586,0.4629814205853982
0.588,-0.2459127636673135
0.59,-0.5170674882720367
0.592,-0.941497889184329
0.594,-0.9601412429382352
0.596,-1.0028852864676912
0.598,-0.37702274169935046
0.6,0.15130180334713508
0.602,0.5618613924649712
0.604,0.9145354587983452
0.606,0.5236882397011566
0.608,0.9375995083906914
0.61,0.5845856731086821
0.612,0.10684323996500208
0.614,-0.44741553714586346
0.616,-0.7635514657468031
0.618,-0.9304662305124328
0.62,-0.9842261214369905
0.622,-0.742807032133723
0.624,-0.09405653194936342
0.626,0.10969733188962844
0.628,0.8140822642792138
0.63,0.9732895065630924
0.632,0.8811511701226048
0.634,0.7340499497637479
0.636,0.25244148155762836
0.638,-0.040448364300216824
0.64,-0.5440389217177414
0.642,-0.9748404648817361
0.644,-1.1366233420321765
0.646,-0.8063891352778643
0.648,-0.3613688073876731
0.65,-0.014314163122576568
0.652,0.5343587161026766
0.654,0.7970450145450497
0.656,1.0065231062736102
0.658,0.8682001654378414
0.66,0.6247590943237133
0.662,-0.06451060934644035
0.664,-0.2871218827903275
0.666,-0.7994257216695942
0.668,-0.937194673487057
0.67,-0.9938482493687184
0.672,-0.6442638190194868
0.674,-0.38355751969947055
0.676,0.3982181382966502
0.678,0.47033771458362894
0.68,0.8203791535824094
0.682,1.0119206901367972
0.684,0.9544559219502655
0.686,0.40309708364141605
0.6880000000000001,-0.15650607148121246
0.6900000000000001,-0.7669808509350515
0.6920000000000001,-0.9288788196832908
0.6940000000000001,-1.000526130244922
0.6960000000000001,-0.6317501725196604
0.6980000000000001,-0.4035255689921173
0.7000000000000001,-0.19227324980248006
0.7020000000000001,0.7366076529958641
0.704,0.7946580632513006
0.706,0.8874405238954081
0.708,1.0902761830248
0.71,0.5815287966608204
0.712,0.07913480250328525
0.714,-0.3406136710413129
0.716,-0.6642741030949415
0.718,-0.8573818356897526
0.72,-1.123979063335808
0.722,-0.4332513649965382
0.724,-0.1296283457620302
0.726,0.20100787797017883
0.728,0.5816060794444455
0.73,0.8292096538737781
0.732,0.9978012679197273
0.734,0.6890295076464595
0.736,0.2719467433401378
0.738,-0.02332339268918493
0.74,-0.5419433357426741
0.742,-0.9544417615394192
0.744,-0.90569998111749
0.746,-0.6723891659269554
0.748,-0.6193792993182539
0.75,-0.07585993829770821
0.752,0.6002820954458907
0.754,0.9347299156431171
0.756,1.026532600483874
0.758,1.0509937785267955
0.76,0.45094987161573674
0.762,-0.06065850236494422
0.764,-0.4770820844952844
0.766,-0.7551041385420514
0.768,-1.0823898631219968
0.77,-1.0123209560388413
0.772,-0.8071468802988421
0.774,-0.3267047218811757
0.776,0.12234458327685899
0.778,0.7307535350670133
0.78,1.0510087764789984
0.782,0.9218743721781282
0.784,0.7444509487703321
0.786,0.29506357464355093
0.788,-0.0585319297542493
0.79,-0.5765870482698949
0.792,-0.7043724346015212
0.794,-1.1357750444433599
0.796,-0.7987456494193728
0.798,-0.42592471126097586
0.8,-0.045322952040466706
0.802,0.555129206014923
0.804,0.6634432786823603
0.806,1.264452104603529
0.808,0.7360738964977227
0.81,0.7034448921224179
0.812,-0.0156404799630859
0.8140000000000001,-0.22340867297211492
0.8160000000000001,-0.8188960151689748
0.8180000000000001,-0.9623666247793556
0.8200000000000001,-0.9443488941260986
0.8220000000000001,-0.5461371211010788
0.8240000000000001,-0.28912233846874286
0.8260000000000001,-0.12441371172957838
0.8280000000000001,0.5889747728135568
0.8300000000000001,0.974157117944831
0.8320000000000001,0.9269013061770581
0.834,0.867313090107582
0.836,0.49579516336449153
0.838,-0.14391455493757616
0.84,-0.7750982440194456
0.842,-0.7307775043137976
0.844,-0.8618399607113301
0.846,-0.8819492189112352
0.848,-0.21665044131189493
0.85,-0.04386876663167564
0.852,0.3387684391011152
0.854,0.8247278788622169
0.856,1.1335571429799036
0.858,0.7869485227235908
0.86,0.8331388164515096
0.862,0.01260103028531541
0.864,-0.24811230504907905
0.866,-0.7020507237230169
0.868,-1.0016589004084948
0.87,-0.8151866873637019
0.872,-0.8731368194207713
0.874,-0.07798427235643571
0.876,0.24068204446844418
0.878,0.6163394842670047
0.88,1.0452601655607996
0.882,1.1155624959074566
0.884,0.867309893624129
0.886,0.6195488474207671
0.888,0.010560876071233072
0.89,-0.42639283760995905
0.892,-0.9727113486746205
0.894,-0.9846320725948827
0.896,-0.7735366135674829
0.898,-0.4839846422565274
0.9,0.037928622576214564
0.902,0.5353335118501886
0.904,0.9504859779919324
0.906,0.9852500868275492
0.908,0.8608421297549547
0.91,0.483630073401284
0.912,0.013203829842280024
0.914,-0.2206966158908722
0.916,-0.78114125722987
0.918,-0.8833342335202479
0.92,-1.1141913833804975
0.922,-0.9282588430429282
0.924,-0.3806061256294992
0.926,0.3928705951971073
0.928,0.8188507337622444
0.93,0.9928081608410146
0.932,0.8814196944181969
0.934,0.7540656813562155
0.936,0.3306831545509204
0.9380000000000001,-0.1687113353372812
0.9400000000000001,-0.9029068513485639
0.9420000000000001,-1.0127055842576196
0.9440000000000001,-1.0219316539844987
0.9460000000000001,-0.653647225841016
0.9480000000000001,-0.46154130448753283
0.9500000000000001,0.17615237623981414
0.9520000000000001,0.43224765124459136
0.9540000000000001,0.8125540185660001
0.9560000000000001,0.507700404448032
0.9580000000000001,0.9630877582165343
0.96,0.6565788896727379
0.962,0.34711419516135905
0.964,-0.4293315345570484
0.966,-0.7586739844212023
0.968,-1.0710026943128965
0.97,-1.09896301182831
0.972,-0.7742156855635358
0.974,-0.29207115490255753
0.976,0.41912719607614707
0.978,0.6848252002295776
0.98,0.8516507691612786
0.982,1.0001274431448879
0.984,0.7978713923580609
0.986,0.28309287334408106
0.988,0.018420784441887772
0.99,-0.8252325545343274
0.992,-0.9316788678740959
0.994,-0.9143990980412798
0.996,-1.0126269048385126
0.998,-0.4363284200874755
1.0,0.162572694231833
1.002,0.5387998154780275
1.004,0.6318015641209876
1.006,0.906461051345674
1.008,1.0597810018481173
1.01,0.6252989233322448
1.012,0.12409353768045453
1.014,-0.3126465149855517
1.016,-0.6798461373582696
1.018,-1.071372037955342
1.02,-0.9875723931617814
1.022,-0.6665766658637926
1.024,-0.31708894953579775
1.026,0.2319092420700335
1.028,0.8477458399238642
1.03,0.8293596111176454
1.032,1.2245522605476902
1.034,1.0068282873764856
1.036,0.15267094978133572
1.038,-0.14306589490993477
1.04,-0.5446940687181654
1.042,-1.0005015265770054
1.044,-1.091212668370217
1.046,-0.8741813688825584
1.048,-0.3888069503794194
1.05,-0.06429682628201473
1.052,0.7114482605543488
1.054,0.8807902259299568
1.056,0.9851285693017134
1.058,1.0870618101036287
1.06,0.6665359433975251
1.062,0.17176858725325528
1.064,-0.4097632514059298
1.066,-0.5424166275885106
1.068,-0.8802060901409495
1.07,-0.9766341376744784
1.072,-0.8828693996622845
1.074,-0.20179371353850603
1.076,0.1048721844971322
1.078,0.4687783256017023
1.08,0.9159550728030018
1.082,1.0176803681174023
1.084,0.9317767203932219
1.086,0.40364098942353294
1.088,-0.0239816437201653
1.09,-0.7419318417342506
1.092,-0.9076603237851574
1.094,-0.982407981904421
1.096,-0.7359062077862385
1.098,-0.4671598170373547
1.1,0.10110757620447296
1.102,0.41835397516410755
1.104,0.8893383720411658
1.106,1.0501934166072304
1.108,0.7476760748958701
1.11,0.6098580662686124
1.112,0.08504977846366386
1.114,-0.6075509366493227
1.116,-0.6499999828916625
1.118,-1.0277885708722503
1.12,-1.0582388917168408
1.122,-0.7319921746386491
1.124,-0.2313121190477144
1.1260000000000001,0.4382994666202684
1.1280000000000001,0.6636821102732774
1.1300000000000001,1.0104586142060017
1.1320000000000001,1.1550057134121134
1.1340000000000001,0.8376036702206666
1.1360000000000001,0.5024893820145933
1.1380000000000001,-0.1852511761861392
1.1400000000000001,-0.490830932388198
1.1420000000000001,-0.912117148526731
1.1440000000000001,-0.8629266677036803
1.1460000000000001,-0.9705188609521168
1.1480000000000001,-0.5797778720313049
1.1500000000000001,0.15953454928142669
1.1520000000000001,0.4570974198883397
1.154,0.7991910137913177
1.156,1.0077809437595087
1.158,0.818127337210348
1.16,0.7552680126092789
1.162,-0.03174065416851976
1.164,-0.38706124844283296
1.166,-0.7268862396493814
1.168,-0.9954207743563541
1.17,-1.051938834271554
1.172,-0.7937412665259227
1.174,-0.19519936998206955
1.176,0.11911383049738858
1.178,0.7658078241141666
1.18,0.7594050058707279
1.182,0.9125018208566398
1.184,0.7750784833984719
1.186,0.21067478141172508
1.188,-0.0433472079327757
1.19,-0.5901163846526541
1.192,-1.0351064207505558
1.194,-1.1890168120322817
1.196,-1.0411903667740434
1.198,-0.4753364952362
1.2,-0.14546368490892672
1.202,0.31012915035634936
1.204,0.8152528033922442
1.206,1.284407258035332
1.208,0.9397259052961522
1.21,0.6837172168303077
1.212,0.15208114953483856
1.214,-0.2696697576336255
1.216,-0.9393976995880042
1.218,-1.036421265048569
1.22,-0.9181933872805694
1.222,-0.6868000262747997
1.224,-0.27283175648904123
1.226,0.16496040289533598
1.228,0.6520571508281459
1.23,0.8537062938002712
1.232,0.6777578713292391
1.234,0.6203117581119021
1.236,0.4279347433114494
1.238,0.07045895384411999
1.24,-0.35973961880921235
1.242,-0.8926611647765956
1.244,-0.88568968506328
1.246,-0.7301557476678778
1.248,-0.5688006580818102
1.25,-0.21350463044113197
1.252,0.485637548892693
1.254,0.6227428811269271
1.256,0.9577977093807771
1.258,0.9812937278750586
1.26,0.4092209676114925
1.262,0.12939416310232785
1.264,-0.21220052952448282
1.266,-0.7250554557676416
1.268,-0.9166087739715403
1.27,-0.8370399454573905
1.272,-0.46663853599831084
1.274,-0.22964944266645154
1.276,0.40329143566384595
1.278,0.6764782541507789
1.28,0.8823794236175104
1.282,1.0218738918849184
1.284,0.6943363100561856
1.286,0.29605736914138686
1.288,-0.2017525720937468
1.29,-0.8764195641691206
1.292,-0.8915611954635547
1.294,-1.156945611379598
1.296,-0.8578163033321021
1.298,-0.2994297524439019
1.3,-0.06551232231505608
1.302,0.41359963059908433
1.304,1.015830451015104
1.306,1.0667210416606037
1.308,1.0276188341862633
1.31,0.5431097448036403
1.312,0.21939971756915772
1.314,-0.45440568492511424
1.316,-0.8555159596078173
1.318,-0.9073135019614699
1.32,-1.026297959193529
1.322,-0.5880870558482172
1.324,0.05204852164557719
1.326,0.03666743041464071
1.328,0.5899624130798473
1.33,1.091907441813222
1.332,0.9640446367048849
1.334,0.916512561975264
1.336,0.24111569436808714
1.338,-0.08366890897363921
1.34,-0.6067167070005268
1.342,-0.8871763685170427
1.344,-0.9563910932818964
1.346,-0.9977356039849445
1.348,-0.6168193123183461
1.35,0.17594561905540984
1.352,0.518623346400044
1.354,0.8577002689199102
1.356,0.9924846254664427
1.358,0.9496598981635875
1.36,0.4424339024197739
1.362,-0.0002878028649303255
1.364,-0.20409132475126715
1.366,-0.7514913906724608
1.368,-0.8753675763465759
1.37,-1.027214733241006
1.372,-0.5114330542529949
1.374,-0.20527342622522182
1.3760000000000001,0.3092033452668957
1.3780000000000001,0.7535461672378407
1.3800000000000001,0.8508379101598896
1.3820000000000001,0.7476852723190666
1.3840000000000001,0.6353639623852647
1.3860000000000001,0.5731519475586209
1.3880000000000001,0.038219117009063
1.3900000000000001,-0.63140830484918
1.3920000000000001,-0.9427608423219397
1.3940000000000001,-0.8676804400840534
1.3960000000000001,-0.8655043458909203
1.3980000000000001,-0.645126953556495
1.4000000000000001,0.15913361913351706
1.4020000000000001,0.5417557036814797
1.4040000000000001,0.5279149576936056
1.4060000000000001,0.9586451575743524
1.408,0.9228926241119374
1.41,0.648298837119775
1.412,0.1444652327449816
1.414,-0.44806485153475745
1.416,-0.7850691719509104
1.418,-0.9452180732423425
1.42,-0.9847562459494339
1.422,-0.7313111456768737
1.424,-0.09124866704027948
1.426,0.12966027233959898
1.428,0.6406044008259855
1.43,0.6956379601264461
1.432,1.0503106223785053
1.434,0.8746619848187862
1.436,0.4370931205894711
1.438,-0.00994202724086056
1.44,-0.532369312937217
1.442,-0.8617580221894261
1.444,-0.9384310398351822
1.446,-0.8779401813394602
1.448,-0.33232935611649905
1.45,-0.04383061672024142
1.452,0.2978726544365541
1.454,0.9511825578780727
1.456,1.2307402828200826
1.458,0.7840944409716716
1.46,0.575005814307858
1.462,0.03914346372572765
1.464,-0.4159803628334051
1.466,-0.7647173584168572
1.468,-1.1384363969076776
1.47,-0.9859696171077308
1.472,-0.8688827457749042
1.474,-0.3201407299266266
1.476,0.09954952387933813
1.478,0.5513772731722016
1.48,0.7347891977023139
1.482,1.1356129729796673
1.484,0.8345240338593332
1.486,0.12701621383895212
1.488,-0.20038033041558198
1.49,-0.6720884430992675
1.492,-0.9917086769462384
1.494,-1.179962698182831
1.496,-0.749468943009618
1.498,-0.5315309098515849
1.5,0.0588666088861294
1.502,0.5479897049415479
1.504,1.0172810170615831
1.506,0.769818621164366
1.508,1.123444694048326
1.51,0.7473303264408109
1.512,0.19739246718201675
1.514,-0.06840369750750086
1.516,-0.7447385486354596
1.518,-0.8789917456440522
1.52,-1.0439071587943183
1.522,-0.5419092133319696
1.524,-0.22758688869508273
1.526,0.19195447260288198
1.528,0.950738117585527
1.53,0.9127299875401746
1.532,0.983401503685327
1.534,0.7457066014409637
1.536,0.2731039658704018
1.538,-0.05852926589480588
1.54,-0.4949351602392374
1.542,-0.8602670661720203
1.544,-1.2948537303606398
1.546,-0.7175790125895866
1.548,-0.5257938150441681
1.55,-0.15294457194159136
1.552,0.5576122386418997
1.554,0.9151024932076026
1.556,0.8668671541411012
1.558,1.2157193799965016
1.56,0.4356827662307896
1.562,-0.0925803198581008
1.564,-0.5132539261858922
1.566,-0.5918571208419693
1.568,-1.004400063302102
1.57,-0.9978401679988965
1.572,-0.6923630255752664
1.574,-0.3237101144076353
1.576,0.16189385804442208
1.578,0.6039185261745185
1.58,1.0400772104888194
1.582,1.110602785144717
1.584,0.6378423768910888
1.586,0.3982058775826101
1.588,-0.026221420097829407
1.59,-0.7238083586858627
1.592,-0.9680214558104424
1.594,-1.1285563864128103
1.596,-1.0066661703684932
1.598,-0.46894509645570615
1.6,-0.09256374523824282
1.602,0.5611139556152934
1.604,0.8406283145958313
1.606,1.0499118714719133
1.608,0.8680744219406746
1.61,0.5079385586296141
1.612,0.11393169043853803
1.614,-0.36875278280755547
1.616,-0.8592698723088587
1.618,-0.9286457121080536
1.62,-0.8571771832617369
1.622,-0.6646692580948785
1.624,-0.03322981469895048
1.6260000000000001,0.16917746620214513
1.6280000000000001,0.7500086398906158
1.6300000000000001,0.8996608360891591
1.6320000000000001,1.0117903488798081
1.6340000000000001,0.6661526383223971
1.6360000000000001,0.5083438939766273
1.6380000000000001,-0.10319977644209485
1.6400000000000001,-0.4378684432806158
1.6420000000000001,-1.0640301428132128
1.6440000000000001,-1.0600829806388714
1.6460000000000001,-0.956562133048148
1.6480000000000001,-0.5486418225082326
1.6500000000000001,-0.087091058696405
1.6520000000000001,0.4665964540599304
1.6540000000000001,0.8421592119930174
1.6560000000000001,0.9928731545302237
1.6580000000000001,0.8349736235119284
1.6600000000000001,0.6113527207166115
1.6620000000000001,0.23543605312716126
1.6640000000000001,-0.48157969863074024
1.666,-0.7704015040973865
1.668,-0.9916011719502875
1.67,-0.8921640388931747
1.672,-0.6925768978554111
1.674,-0.2506596319358677
1.676,0.12406619030570326
1.678,0.6872762192072632
1.68,0.8351356787800605
1.682,1.0471336268757994
1.684,0.7575341489209915
1.686,0.3731364833610219
1.688,-0.2373944895433508
1.69,-0.48671808725449783
1.692,-0.817773187173427
1.694,-0.8896958295423704
1.696,-0.5642489536069675
1.698,-0.48835763680188826
1.7,0.15131989551195302
1.702,0.4661831517695235
1.704,0.8938817795022818
1.706,1.0439654778877574
1.708,0.9380977053125895
1.71,0.6705565847091848
1.712,0.08711525705077008
1.714,-0.36297759076326946
1.716,-0.7032016181958445
1.718,-0.7625062583176714
1.72,-1.0569772598246434
1.722,-0.9116562594597551
1.724,-0.30956041510423654
1.726,0.25999778895576187
1.728,0.7065493105709747
1.73,0.9626522889611107
1.732,1.1310152347842033
1.734,0.8932450066239498
1.736,0.36192944161509477
1.738,-0.1843756584602938
1.74,-0.6312935657341924
1.742,-0.9496299277755292
1.744,-1.0263943604393093
1.746,-1.042078264431409
1.748,-0.5397264784519268
1.75,-0.053425834238225896
1.752,0.458003222982908
1.754,0.8123513918234103
1.756,1.0825271529150848
1.758,0.8379387166174782
1.76,0.5326370259632178
1.762,0.1934784242603293
1.764,-0.397713828164348
1.766,-0.7432955018209269
1.768,-0.8981227424493692
1.77,-0.89799666139112
1.772,-0.653090843434034
1.774,-0.2733911053249198
1.776,0.33443353123817704
1.778,0.7066213424012268
1.78,0.887574643669913
1.782,0.9633239994051065
1.784,0.617341582703365
1.786,0.24721529004433535
1.788,-0.36209638461070326
1.79,-0.6732820972047511
1.792,-0.7368911064641506
1.794,-1.0680014954935697
1.796,-0.7452999104355464
1.798,-0.4821874703044317
1.8,-0.08808935092805079
1.802,0.6500334141598924
1.804,0.9175364351972815
1.806,0.7777494691362042
1.808,1.0357764462405556
1.81,0.45263737668921356
1.812,0.10296173916029992
1.814,-0.28411373756015124
1.816,-0.8082177815891491
1.818,-0.841587484580878
1.82,-0.8553326661676108
1.822,-0.8828287166365048
1.824,-0.30809533732723937
1.826,0.2841587813436302
1.828,0.6122448495440613
1.83,0.9238611854024421
1.832,1.0828548791423371
1.834,0.8103463832680191
1.836,0.2523628376040724
1.838,-0.10337764497823448
1.84,-0.6647740830091512
1.842,-1.0576294020649777
1.844,-1.1401237287484092
1.846,-0.8082451769836824
1.848,-0.4852887854765495
1.85,0.0006830137664963166
1.852,0.3376255166817519
1.854,0.8212000090159184
1.856,0.8676098062114741
1.858,0.7883391949281452
1.86,0.5670216618801229
1.862,-0.04861890641513045
1.864,-0.28396864927243015
1.866,-0.4578042794862312
1.868,-0.924593281556445
1.87,-1.082194643384568
1.872,-0.7186468790426769
1.874,-0.4442758539705953
1.8760000000000001,0.2012071410215688
1.8780000000000001,0.7483384561215939
1.8800000000000001,1.0251677270899504
1.8820000000000001,0.8525524677752149
1.8840000000000001,0.8081288172796113
1.8860000000000001,0.5135351635842234
1.8880000000000001,0.09535784956155066
1.8900000000000001,-0.6759055435780786
1.8920000000000001,-1.0134944509781174
1.8940000000000001,-0.9911842951345485
1.8960000000000001,-1.2125157723133626
1.8980000000000001,-0.5485276646362203
1.9000000000000001,-0.03407329850202677
1.9020000000000001,0.42399447702303206
1.9040000000000001,0.645166410954879
1.9060000000000001,0.9671503112727794
1.9080000000000001,0.8071736884022255
1.9100000000000001,0.6830337043048255
1.9120000000000001,0.009841139589380307
1.9140000000000001,-0.40362757317169
1.9160000000000001,-0.7998048936177329
1.9180000000000001,-0.9109189228380802
1.92,-1.2711870716235474
1.922,-0.7273784240540746
1.924,-0.15317333892584717
1.926,0.20320999910362292
1.928,0.492544947273182
1.93,0.9921240623231771
1.932,1.0246233878534066
1.934,0.7365010023936204
1.936,0.22228796328957812
1.938,-0.21846820241639092
1.94,-0.6272380446041623
1.942,-1.0149194806276338
1.944,-1.2394763730455112
1.946,-0.9410606193010118
1.948,-0.48951756283026315
1.95,-0.06375942794700129
1.952,0.47225089267084064
1.954,0.8548473594427635
1.956,1.1107651290675509
1.958,1.1819432650630064
1.96,0.6798015699634434
1.962,-0.051251732504500214
1.964,-0.7022176924411627
1.966,-0.7823912316483038
1.968,-0.973310630230071
1.97,-1.0971543498764174
1.972,-0.6503408756021168
1.974,-0.34512743479821306
1.976,0.2993229254769265
1.978,0.6436153626622677
1.98,1.0010347911576936
1.982,0.7630920595756124
1.984,0.71537895211994
1.986,0.3494395940791079
1.988,-0.3045017448093955
1.99,-0.35109374710590174
1.992,-0.9728257090912779
1.994,-0.8232470365913418
1.996,-0.9278645209140036
1.998,-0.5106710159782174
2.0,0.1488677841249518
2.0020000000000002,0.5199578772790747
2.004,0.8684774815390522
2.0060000000000002,1.0314673466424678
2.008,0.733041794085042
2.0100000000000002,0.538801496252262
2.012,0.0050665596777607624
2.0140000000000002,-0.343301100095138
2.016,-0.8389173862612002
2.0180000000000002,-0.9878273919543208
2.02,-0.9607755415861701
2.0220000000000002,-0.6891204397116637
2.024,-0.2530591064325346
2.0260000000000002,0.1666576831888837
2.028,0.5520132709174812
2.0300000000000002,0.867518133034958
2.032,1.1170260637999208
2.0340000000000003,0.8175615991317247
2.036,0.44193028189869143
2.0380000000000003,0.048188545420783546
2.04,-0.7360908406299105
2.0420000000000003,-0.8407039302341457
2.044,-1.1332101403551134
2.0460000000000003,-0.8863680241468151
2.048,-0.42086373747326994
2.05,0.20299317059471408
2.052,0.3834016394822495
2.054,0.832407927674249
2.056,1.143415809420539
2.058,0.7174935991557427
2.06,0.633318540719708
2.062,0.08656930836921475
2.064,-0.47899182587565936
2.066,-0.7520753929002667
2.068,-0.9074792840417646
2.07,-1.065746989530648
2.072,-0.6367659204654933
2.074,-0.2268897650997394
2.076,0.09254013072560588
2.078,0.8798784328276672
2.08,1.0881045215084006
2.082,0.8741571867412784
2.084,0.6967483144927521
2.086,0.4650450359700332
2.088,-0.18763265305265148
2.09,-0.8191176198341263
2.092,-0.772937109273115
2.094,-0.996922522948541
2.096,-0.6045320771220182
2.098,-0.43680456303320375
2.1,0.024016034096864196
2.102,0.8432029739961121
2.104,0.8227167508750255
2.106,0.8783422322627277
2.108,0.933647172618637
2.11,0.7305988705910462
2.112,-0.021172868325444627
2.114,-0.48233284383017083
2.116,-0.7139567668353484
2.118,-1.3843321489032365
2.12,-1.0884535835399463
2.122,-0.5845202781243951
2.124,-0.322468525674907
2.126,0.044170460778738097
2.128,0.9266742946678939
2.13,0.7736911102452856
2.132,0.9164775172595279
2.134,0.723644738025401
2.136,0.37857940673249474
2.138,-0.17179605289580663
2.14,-0.597966071935244
2.142,-0.8975974918904496
2.144,-1.0089257123379147
2.146,-0.8325993609618011
2.148,-0.7808877427608452
2.15,0.055460949562558204
2.152,0.30515259384336024
2.154,0.5718866758927732
2.156,1.1717220319927322
2.158,0.7431820638227247
2.16,0.6104025949718906
2.162,0.028188769532205962
2.164,-0.4534371627593037
2.166,-0.7096968753316751
2.168,-1.114094561280226
2.17,-0.9041952070661894
2.172,-0.6366775613230016
2.174,-0.10226831375413534
2.176,0.20641331286948705
2.178,0.8161478571579805
2.18,1.1674224209487505
2.182,1.1818019847715853
2.184,0.8442085185593863
2.186,0.42460419611699574
2.188,0.23296675883496745
2.19,-0.30710398513982967
2.192,-1.0012240725471506
2.194,-0.8818890406109181
2.196,-0.7686355593317237
2.198,-0.47266652190507547
2.2,0.019278000884066192
2.202,0.5430894047928453
2.204,0.9621945140010937
2.206,1.025535582173059
2.208,0.9475538500543685
2.21,0.7628376292737511
2.212,0.1652844391014872
2.214,-0.2995916038411872
2.216,-0.6459984001240828
2.218,-0.7769153745890167
2.22,-0.7967642878985548
2.222,-0.6371148367426259
2.224,-0.22255847726143005
2.226,0.0948298828178791
2.228,0.7212720265801318
2.23,0.8206393234539322
2.232,0.8535211080211149
2.234,0.8523104099464572
2.236,0.35547764139548904
2.238,-0.06595603295215119
2.24,-0.6666216905893876
2.242,-0.7537836449790573
2.244,-0.9799483338821594
2.246,-0.694978995122701
2.248,-0.3970730155759759
2.25,0.020778966535684517
2.2520000000000002,0.42158203772670577
2.254,0.8482897936443786
2.2560000000000002,1.1021435348861632
2.258,0.9925528682062317
2.2600000000000002,0.43744844128506194
2.262,0.2543059236991294
2.2640000000000002,-0.39502205233327753
2.266,-0.6679992570959719
2.2680000000000002,-1.0699917563995947
2.27,-0.8708504600952071
2.2720000000000002,-0.784713232256629
2.274,-0.2324241267162766
2.2760000000000002,0.21121462296371557
2.278,0.6486382567117566
2.2800000000000002,0.8798119422028527
2.282,0.9629757017561104
2.2840000000000003,0.5516400179474944
2.286,0.4783511285779559
2.2880000000000003,-0.004407547216064303
2.29,-0.6434611192432182
2.2920000000000003,-1.078322011603682
2.294,-1.079346113944058
2.2960000000000003,-0.7251717318411393
2.298,-0.40309860096054606
2.3000000000000003,-0.03776746082229499
2.302,0.5945800045177106
2.3040000000000003,0.7133686535636174
2.306,0.9209917881330616
2.308,0.9645057542610056
2.31,0.5757247895802441
2.312,0.051242024389710136
2.314,-0.6840078914825474
2.316,-0.6861122570067026
2.318,-0.9415813877203435
2.32,-1.1702173964212987
2.322,-0.6090601472876659
2.324,-0.2504960342088322
2.326,0.28375150420766326
2.328,0.8033988594744509
2.33,0.8580206760226927
2.332,1.0720132004496792
2.334,0.8565033499489086
2.336,0.4638800874622665
2.338,0.08037731494823036
2.34,-0.504953731034717
2.342,-0.9754391962337028
2.344,-0.771891859497958
2.346,-0.9835651066971082
2.348,-0.5399380857266017
2.35,-0.12127564565333673
2.352,0.4688321876411685
2.354,0.9804097959976126
2.356,1.1612146730987112
2.358,0.9631112818532234
2.36,0.5111583827828279
2.362,0.05571912881680374
2.364,-0.44397245137353303
2.366,-0.6506998700642167
2.368,-1.096278536063135
2.37,-0.8423480923408833
2.372,-0.6886455934556999
2.374,-0.22705561015348322
2.376,0.4387784103830518
2.378,0.6247770179746095
2.38,1.1600078250807202
2.382,0.8050579615834967
2.384,0.6668046987413352
2.386,0.1696523411462396
2.388,-0.2192360841328349
2.39,-0.5144917088326708
2.392,-0.8120625336326139
2.394,-0.9594517762293383
2.396,-0.8107428893622948
2.398,-0.6292917305477372
2.4,-0.16684027022892098
2.402,0.519965819537792
2.404,1.013805680504416
2.406,0.9522392063690563
2.408,0.7453141255213918
2.41,0.3949854393121951
2.412,0.03974581157174384
2.414,-0.16950743212026226
2.416,-0.7966351066917723
2.418,-1.1128017203943326
2.42,-1.0276934176820953
2.422,-0.7453496670958326
2.424,-0.2152907683977084
2.426,0.16569721187815956
2.428,0.5726431287697495
2.43,0.9274146321239075
2.432,1.041219424093466
2.434,0.8606767232096995
2.436,0.4373502888212072
2.438,-0.18286042689882726
2.44,-0.8009299031278234
2.442,-1.0052351416855443
2.444,-0.9623053843626522
2.446,-1.0120236846025086
2.448,-0.4499884885058846
2.45,-0.07418554812040414
2.452,0.4085504324325634
2.454,0.985098479167149
2.456,1.025530900525451
2.458,1.0771276443601456
2.46,0.4696804416931257
2.462,0.26751641109481705
2.464,-0.25381374287384584
2.466,-1.1471149045153277
2.468,-0.9933867051127699
2.47,-0.7571320635097769
2.472,-0.5867115697994785
2.474,-0.30418308471433064
2.476,0.2194180452308115
2.478,0.5206973961252093
2.48,0.9769964236245726
2.482,0.7568077987179878
2.484,0.6428451786486999
2.486,0.5088520207005313
2.488,-0.12791915092944156
2.49,-0.6334836586003638
2.492,-0.9181446711360408
2.494,-0.6532518092333802
2.496,-0.7141599269434754
2.498,-0.5792854134879099
2.5,0.20958268551823017
2.5020000000000002,0.47058830177045735
2.504,0.9373424055530456
2.5060000000000002,0.9242618542103954
2.508,0.7868979052720834
2.5100000000000002,0.6886204310873593
2.512,0.028650843335008613
2.5140000000000002,-0.46637010444916677
2.516,-0.6576165565679037
2.5180000000000002,-1.1284096952824108
2.52,-1.1295180075093476
2.5220000000000002,-0.6160101440320329
2.524,-0.495131954475889
2.5260000000000002,0.15416539010038482
2.528,0.6385695414623981
2.5300000000000002,0.7818931180618713
2.532,0.8417828311660966
2.5340000000000003,0.8542423307892976
2.536,0.40489857888018477
2.5380000000000003,-0.244250155071878
2.54,-0.5212059671657185
2.5420000000000003,-0.7137879023937176
2.544,-1.159282230931443
2.5460000000000003,-0.8366254170823809
2.548,-0.23320292578022433
2.5500000000000003,0.07684928753715407
2.552,0.5840314387268044
2.5540000000000003,0.8191600596093007
2.556,0.8976880981639936
2.5580000000000003,1.048598431635196
2.56,0.6699868121531883
2.562,0.11885453601256746
2.564,-0.42663742232656165
2.566,-0.9902780555871934
2.568,-0.9626830802896773
2.57,-1.038034791685243
2.572,-0.7011269024195498
2.574,-0.16431919929946595
2.576,0.3517997686230257
2.578,0.7749566913739484
2.58,1.2346158440352082
2.582,1.1287931495421177
2.584,0.6766988788384813
2.586,0.2652285332604772
2.588,0.1674162214795776
2.59,-0.671194100914462
2.592,-0.9103767779792085
2.594,-0.7786223137251828
2.596,-0.6286383731963678
2.598,-0.4886232880818659
2.6,0.03042273188078034
2.602,0.276149564339489
2.604,0.7301091233174457
2.606,0.9520978243585894
2.608,0.9041153238327387
2.61,0.5471298547830111
2.612,0.14448318792163078
2.614,-0.09240693419581447
2.616,-0.7121254706495753
2.618,-0.9434693769420476
2.62,-0.9508268641999337
2.622,-0.7061633428630539
2.624,-0.09365531143977748
2.626,0.12404536111106675
2.628,0.6687563166385471
2.63,0.8132698241100464
2.632,0.9932432307203699
2.634,0.7854830282749637
2.636,0.48387211823885157
2.638,0.02526474238203663
2.64,-0.5044093264202474
2.642,-0.7008387465459174
2.644,-0.79828301719731
2.646,-0.8046736698319011
2.648,-0.43480779150851434
2.65,-0.2434745328428988
2.652,0.5220221252270497
2.654,0.8436876964964719
2.656,0.7857096959000883
2.658,0.850583130712415
2.66,0.7081749425123574
2.662,-0.030434391409985384
2.664,-0.2055445509425237
2.666,-0.7108103891985854
2.668,-1.0110055326900544
2.67,-0.9689532251806442
2.672,-0.5801892974203242
2.674,-0.4286781889762588
2.676,0.5053021156899361
2.678,0.5822650150493305
2.68,0.8548272431351227
2.682,1.135790724832657
2.684,0.8698570645000906
2.686,0.5347837352381062
2.688,0.0061919233449619915
2.69,-0.5404559699256866
2.692,-1.0653238619741692
2.694,-1.0574831994053622
2.696,-0.819375496417971
2.698,-0.4839142679522573
2.7,-0.2581237742604573
2.702,0.6130806954009878
2.704,1.0620075658246664
2.706,1.1821269531356207
2.708,0.7768379803603382
2.71,0.6426051725999523
2.712,-0.1420597444070618
2.714,-0.15561602183467574
2.716,-1.0144398503584027
2.718,-0.9306685065201958
2.72,-0.8048698597806548
2.722,-0.5221719946338556
2.724,-0.20543788476230537
2.726,0.06942388408719957
2.728,0.6718249234838871
2.73,0.9173172543709824
2.732,1.0286059628002389
2.734,0.894715724809484
2.736,0.4513717864077419
2.738,0.1414459248939705
2.74,-0.5046625078973577
2.742,-0.9537182657650151
2.744,-0.793067650569685
2.746,-0.8838777358455244
2.748,-0.446311213973539
2.75,0.02273162079585116
2.7520000000000002,0.19339509690810147
2.754,0.8791361918458866
2.7560000000000002,1.0344218757700223
2.758,0.8784580378164406
2.7600000000000002,0.570019355705479
2.762,-0.03617195543122992
2.7640000000000002,-0.3577553405592358
2.766,-0.581530367883366
2.7680000000000002,-1.0045777188169385
2.77,-1.0167103537368032
2.7720000000000002,-0.7609649687804866
2.774,0.004945489471524539
2.7760000000000002,0.0782770403374462
2.778,0.7907939143139306
2.7800000000000002,0.9650658091204471
2.782,1.2238271885100143
2.7840000000000003,0.9353961403164772
2.786,0.35701914885583436
2.7880000000000003,-0.31916265313396
2.79,-0.4080175591587624
2.7920000000000003,-0.7214877675026596
2.794,-1.1369607988713573
2.7960000000000003,-0.7506197742714706
2.798,-0.5824447368925258
2.8000000000000003,-0.09760076390178349
2.802,0.27939322485809004
2.8040000000000003,0.9616345474803877
2.806,1.0321193230997268
2.8080000000000003,0.9670071017021732
2.81,0.7704243064141669
2.8120000000000003,0.20940833056051728
2.814,-0.2946196774653753
2.816,-0.6762970404230941
2.818,-1.1161500732489893
2.82,-0.955390277537618
2.822,-0.8362264663040199
2.824,-0.36184797007378044
2.826,0.23714457332730923
2.828,0.8180724048946049
2.83,1.2098632269470029
2.832,0.84583143466026
2.834,0.7923083887668214
2.836,0.3592080373847987
2.838,-0.05903686386888422
2.84,-0.5145510867131047
2.842,-0.8592550037049631
2.844,-1.119642740116135
2.846,-0.7947001184325055
2.848,-0.36954953017949116
2.85,-0.06455547952105516
2.852,0.7304947445365692
2.854,0.814789156696682
2.856,0.9183230281830291
2.858,0.9420947435411476
2.86,0.5553950894433277
2.862,-0.04657964649665802
2.864,-0.37141359446337907
2.866,-0.5698642834745707
2.868,-0.7304821427317469
2.87,-1.0223582051388937
2.872,-0.5707148509624821
2.874,-0.23202519046985426
2.876,0.28438674100126077
2.878,0.8439105990599269
2.88,1.058198838710312
2.882,1.0016920156947962
2.884,0.6537298315310441
2.886,0.2267914442338268
2.888,-0.13338308478242358
2.89,-0.5470930306676828
2.892,-0.8415565366456379
2.894,-0.8996992878360597
2.896,-0.721151616684944
2.898,-0.7839245713608616
2.9,0.11360160764753421
2.902,0.3500440890897963
2.904,0.9844146323878455
2.906,1.0403575116150483
2.908,0.984115751896044
2.91,0.5197674404156557
2.912,0.16087475560734876
2.914,-0.6029141044496192
2.916,-0.6327932718166281
2.918,-1.023888019708799
2.92,-1.2766161277804757
2.922,-0.5510726153856745
2.924,-0.03784675337421328
2.926,0.13852243289901167
2.928,0.8370373010188958
2.93,0.8567797594635934
2.932,0.6972873698143558
2.934,0.7255106466367255
2.936,0.40913404042208296
2.938,-0.10854006809917903
2.94,-0.5747584997983103
2.942,-0.8675538513987572
2.944,-0.9707962953456124
2.946,-0.8714933039879948
2.948,-0.5573733783609348
2.95,-0.03342268713425973
2.952,0.43753319000275104
2.954,0.8062374221705891
2.956,0.8593376768400832
2.958,0.8365994206809814
2.96,0.5981246481498789
2.962,0.16424060174018668
2.964,-0.3761757665923335
2.966,-0.7936072543610404
2.968,-0.9150837369767354
2.97,-0.8486425041665141
2.972,-0.5990315884954104
2.974,-0.468729305457238
2.976,0.19142572858569967
2.978,0.7732784726834019
2.98,1.0158642987312199
2.982,1.0677689083220283
2.984,0.8100408522613165
2.986,0.26079798181550107
2.988,0.02839611772670944
2.99,-0.7587445023985593
2.992,-0.7808745722895816
2.994,-1.000085792172005
2.996,-1.029504390700212
2.998,-0.5315680060296365
3.0,0.15136376871089152
3.0020000000000002,0.40776608112914753
3.004,0.6921027331211342
3.0060000000000002,0.9617132727316768
3.008,0.8019595723803493
3.0100000000000002,0.43053063018815785
3.012,0.18035069320420266
3.0140000000000002,-0.26775969846259334
3.016,-0.8398897955940381
3.0180000000000002,-0.9164451538547549
3.02,-0.9997225869701919
3.0220000000000002,-0.6970854938699802
3.024,-0.2331728554763086
3.0260000000000002,0.4364603516590372
3.028,0.7483692543885623
3.0300000000000002,0.8254246940239263
3.032,1.0471493432326768
3.0340000000000003,0.7427002902508435
3.036,0.30948283584054426
3.0380000000000003,-0.23092763395451804
3.04,-0.5910873054935187
3.0420000000000003,-0.9123883058997898
3.044,-1.0485984834289859
3.0460000000000003,-1.0192554431103686
3.048,-0.6964192252551604
3.0500000000000003,0.01609319787400583
3.052,0.5041617355341534
3.0540000000000003,1.118841824779662
3.056,0.9755610443661769
3.0580000000000003,1.0332643307693323
3.06,0.7380741638650419
3.0620000000000003,0.11765449559715839
3.064,-0.3584673377690581
3.0660000000000003,-0.8245632312551275
3.068,-0.7590727972637108
3.0700000000000003,-1.1407318201497485
3.072,-0.6895323451941834
3.074,-0.0746456348070266
3.076,0.23514983603022996
3.078,0.6127555160804817
3.08,0.9803399575839229
3.082,1.0485524851476233
3.084,0.8418654318053538
3.086,0.40353932462934383
3.088,-0.031014268642695172
3.09,-0.4688696400624962
3.092,-1.044010210143035
3.094,-1.0456698531582709
3.096,-0.7349700307893925
3.098,-0.4203129587823542
3.1,0.029499401884386274
3.102,0.5663134180722478
3.104,0.9640549191230428
3.106,0.8901330227970954
3.108,0.750546960446775
3.11,0.4427174887054619
3.112,0.3590491320505896
3.114,-0.5007124293794344
3.116,-0.8000110117819315
3.118,-1.0056099121036761
3.12,-0.8214075643203371
3.122,-0.9031294120568183
3.124,-0.25362760328250034
3.126,0.40139113755928324
3.128,0.8247383291010598
3.13,1.0025247747926134
3.132,0.9494758975704382
3.134,0.9915302352357589
3.136,0.15788832544282771
3.138,-0.0019808656564671012
3.14,-0.5238852657515711
3.142,-0.8305081239516635
3.144,-0.964603037523255
3.146,-0.8185278878513228
3.148,-0.36471327991479857
3.15,-0.14498770631720068
3.152,0.32500806528527304
3.154,0.864755338390135
3.156,1.0045843433128385
3.158,0.9254062283893478
3.16,0.7877716124054328
3.162,0.05248893883497553
3.164,-0.2736512200240072
3.166,-0.7221715033110081
3.168,-0.6847077829153231
3.17,-1.1273721533201684
3.172,-0.7532038662722426
3.174,-0.3061281930787668
3.176,0.4147469101174732
3.178,0.5814478038699372
3.18,1.159531811505234
3.182,1.1832387324476712
3.184,0.8793582712148446
3.186,0.4231216781171439
3.188,-0.3210122812955801
3.19,-0.5648811643775274
3.192,-1.0847244895257662
3.194,-1.043624582906545
3.196,-0.8187893603380018
3.198,-0.520592193840579
3.2,0.11955747744959028
3.202,0.4655106335298633
3.204,0.6496040202638657
3.206,0.8647315890894725
3.208,0.7446415528573713
3.21,0.5479962387754782
3.212,0.2822087241225847
3.214,-0.3045303538976451
3.216,-0.7278221868499966
3.218,-1.1439154040929402
3.22,-0.6531499333805244
3.222,-0.6881010104251819
3.224,0.05522079160231211
3.226,0.13961741474434727
3.228,0.613144191173299
3.23,1.2779466426672659
3.232,0.8471139141062768
3.234,0.8231627123899019
3.236,0.32559749086232137
3.238,-0.22761442036871243
3.24,-0.3160438793931801
3.242,-1.0310898475731873
3.244,-0.8851802512306709
3.246,-0.7054679678124074
3.248,-0.6089809715333746
3.25,-0.23856345043609475
3.2520000000000002,0.25785006079711503
3.254,0.7437856272776797
3.2560000000000002,1.0260253282381402
3.258,0.9470066673280122
3.2600000000000002,0.5640139040800525
3.262,0.11209163157377425
3.2640000000000002,-0.24564458163254255
3.266,-0.6739231193603329
3.2680000000000002,-0.9346614282960161
3.27,-1.02863602422744
3.2720000000000002,-0.5867725053023876
3.274,-0.22590397654764488
3.2760000000000002,0.15465459576539853
3.278,0.6120062898043372
3.2800000000000002,1.1055507927715738
3.282,1.2143317477573117
3.2840000000000003,0.703903632580299
3.286,0.106821316043059
3.2880000000000003,-0.05146358191704889
3.29,-0.7013645396382799
3.2920000000000003,-0.8127202850056128
3.294,-1.0453008533397328
3.2960000000000003,-0.5639707591720474
3.298,-0.4676396747703668
3.3000000000000003,0.11352746535928687
3.302,0.3289687560439958
3.3040000000000003,0.4898207952318663
3.306,1.0150437156638268
3.3080000000000003,0.9377671671497366
3.31,0.678358136412771
3.3120000000000003,0.05569513000757392
3.314,-0.5305646448337014
3.3160000000000003,-0.9717648817403182
3.318,-0.9127334629811845
3.3200000000000003,-0.861742160768065
3.322,-0.794667885773606
3.3240000000000003,-0.31508672552230493
3.326,0.15712541535570135
3.3280000000000003,0.4462373814127451
3.33,0.9760939785723466
3.332,1.0886681454368206
3.334,0.742428503497419
3.336,0.18925812981820148
3.338,-0.15027089017313167
3.34,-0.4162181819516396
3.342,-0.6370055440552811
3.344,-0.9641895545543633
3.346,-0.9435320078550652
3.348,-0.7314265702129752
3.35,-0.194391172504528
3.352,0.4705766563929556
3.354,0.8727164254223436
3.356,1.030297490463109
3.358,0.8717593868354424
3.36,0.3937353458972946
3.362,-0.07289560508206111
3.364,-0.3495994946137872
3.366,-0.874197164760323
3.368,-0.818212867711102
3.37,-1.134505083020046
3.372,-0.4724057730915654
3.374,-0.3324973451934756
3.376,0.276754418310154
3.378,0.7126082329426062
3.38,0.9077998569695706
3.382,0.7291051868358744
3.384,0.7098552342551699
3.386,0.5595637872701933
3.388,-0.2863844616218114
3.39,-0.8194182145869503
3.392,-0.9323489376612646
3.394,-1.0498816566297604
3.396,-1.006894170090335
3.398,-0.5763846830832142
3.4,-0.06049249212073447
3.402,0.42983745883939883
3.404,0.8647956500734295
3.406,1.0868849281281692
3.408,0.9534991450215937
3.41,0.6307578807156756
3.412,0.3366000254573127
3.414,-0.23039746360853644
3.416,-1.1367835012082077
3.418,-1.027952434984964
3.42,-1.1492972076080743
3.422,-0.7712014286906725
3.424,-0.151732481724014
3.426,0.22339207136475026
3.428,0.6306800078693675
3.43,1.1166569190137556
3.432,0.7931971852683225
3.434,0.75871671277334
3.436,0.4371273260791663
3.438,-0.12229845512908118
3.44,-0.7340593661349771
3.442,-0.9076647733196042
3.444,-0.8964874480097023
3.446,-0.7994061195923703
3.448,-0.44180609219623285
3.45,0.03865954302274137
3.452,0.49875312937157995
3.454,0.6882476427148059
3.456,0.9591591861913017
3.458,0.9590020242617303
3.46,0.19615645345823063
3.462,0.2205433222119224
3.464,-0.3256956728176893
3.466,-0.9068416240045053
3.468,-1.076135807320397
3.47,-0.9766882023298801
3.472,-0.632560412062294
3.474,-0.2957212481023414
3.476,0.395432759214547
3.478,0.7364949015061353
3.48,0.852150398236413
3.482,0.9230392610868927
3.484,0.7991298654256227
3.486,0.4597127383496613
3.488,-0.039825814403498944
3.49,-0.6000570168804411
3.492,-0.8860290454308373
3.494,-1.0011830172844627
3.496,-0.7409681644129807
3.498,-0.6057673565661849
3.5,0.07580345547513023
3.5020000000000002,0.24882632042700029
3.504,0.9010423175768209
3.5060000000000002,1.0302437843807755
3.508,0.9047800053540025
3.5100000000000002,0.31962382585121996
3.512,0.32233835564733365
3.5140000000000002,-0.25515533194498863
3.516,-0.7673132843006018
3.5180000000000002,-0.9246078575184513
3.52,-1.0691775683091327
3.5220000000000002,-0.620132167101144
3.524,-0.052519313963962005
3.5260000000000002,0.10055346681179586
3.528,1.0231434336521101
3.5300000000000002,0.8961156082004756
3.532,1.0863282826706981
3.5340000000000003,0.6666353114073368
3.536,0.41721546206708465
3.5380000000000003,-0.2855226310749832
3.54,-0.6706493625585299
3.5420000000000003,-0.933569123776219
3.544,-1.0804919301124711
3.5460000000000003,-0.8746861366443658
3.548,-0.35903409843485745
3.5500000000000003,-0.16058496489363902
3.552,0.33139567270247017
3.5540000000000003,0.8502453135310243
3.556,0.9270836331068968
3.5580000000000003,0.7786122906524986
3.56,0.6043874966807018
3.5620000000000003,0.05436785847371703
3.564,-0.32585716069617277
3.5660000000000003,-0.7755128070821761
3.568,-1.0075886852174913
3.5700000000000003,-0.9596372367136816
3.572,-0.5558814355180004
3.5740000000000003,-0.08344999468843736
3.576,0.22862071027733175
3.5780000000000003,0.5550355405738732
3.58,0.7610216580417638
3.5820000000000003,0.7014296669415798
3.584,0.6226446103009792
3.586,0.26095102410881627
3.588,-0.13193922910470296
3.59,-0.8242504910273574
3.592,-0.7250529013983567
3.594,-0.8642916735215173
3.596,-0.6877560420652706
3.598,-0.5462462042804422
3.6,0.030681534256610184
3.602,0.3626289176708749
3.604,1.0392061612449885
3.606,0.8454969019601335
3.608,0.8402420873765903
3.61,0.7667703228611956
3.612,0.4384105319841993
3.614,-0.37965854678288685
3.616,-0.8226004390841797
3.618,-1.2975424017472303
3.62,-0.735978561750495
3.622,-0.6457952486247188
3.624,-0.4855829038891989
3.626,0.35825721586906367
3.628,0.7617385905179612
3.63,0.9064931229328614
3.632,0.9121430408723432
3.634,0.8623216419065692
3.636,0.3975416210303719
3.638,-0.06411714394505938
3.64,-0.43356170448112363
3.642,-0.7547913589277115
3.644,-0.902397268174963
3.646,-0.7707322702219872
3.648,-0.6424768942007268
3.65,-0.1402615646057515
3.652,0.5846774569589943
3.654,0.9257093664423123
3.656,1.0631846327985979
3.658,1.0104951173681893
3.66,0.5181230194615011
3.662,0.19636859445327318
3.664,-0.49246975695192
3.666,-0.7626693554168701
3.668,-0.8654306990776094
3.67,-1.0361677172229924
3.672,-0.43898193386154527
3.674,-0.1060869404113384
3.676,0.42122322767235904
3.678,0.6579955941474345
3.68,0.7764053708111243
3.682,0.8944442300496683
3.684,0.8398816919956154
3.686,0.3330417785692724
3.688,-0.034626365793948316
3.69,-0.5688665480152771
3.692,-0.9789846609216517
3.694,-0.8805553749298453
3.696,-0.6743550280921338
3.698,-0.5738165636126273
3.7,0.06436897568384338
3.702,0.501444349677821
3.704,0.8796466728733642
3.706,0.984935907680526
3.708,0.7473107016749676
3.71,0.7650234815603904
3.712,-0.005891496496890192
3.714,-0.47760001892003345
3.716,-0.6879915845926463
3.718,-0.959669192080815
3.72,-1.0511528750757912
3.722,-0.7672293112074531
3.724,-0.2686450401834299
3.726,0.1938554560466373
3.728,0.7658434872317376
3.73,0.8046637124179346
3.732,1.0279724074945624
3.734,0.9629678073055712
3.736,0.39344450792509633
3.738,-0.23703021624162993
3.74,-0.6787025280856305
3.742,-0.8993365352757552
3.744,-1.0765174944827522
3.746,-0.6890849085840773
3.748,-0.7131696725650151
3.75,0.206088663738989
3.7520000000000002,0.22712468547279974
3.754,0.8391713326840134
3.7560000000000002,0.8618501830888186
3.758,1.0079596347561468
3.7600000000000002,0.4904556702295623
3.762,-0.017142505428929644
3.7640000000000002,-0.4108804306328442
3.766,-0.822194851176066
3.7680000000000002,-1.2256044083066482
3.77,-0.8939041369438286
3.7720000000000002,-0.9854038336815112
3.774,-0.10077330106592056
3.7760000000000002,0.20718642639814797
3.778,0.8043813642310906
3.7800000000000002,0.8755403224510221
3.782,0.8825593168162342
3.7840000000000003,0.8524662328536868
3.786,0.2946728668068131
3.7880000000000003,-0.3199343957873396
3.79,-0.5987345897347749
3.7920000000000003,-1.0779843881891185
3.794,-0.9996497256918783
3.7960000000000003,-0.6709354628598685
3.798,-0.3607045344045644
3.8000000000000003,0.00023284286418908268
3.802,0.4609156472628041
3.8040000000000003,0.804494270764345
3.806,0.9178596390698763
3.8080000000000003,0.9494752294928631
3.81,0.5679322525075727
3.8120000000000003,0.07733710618853737
3.814,-0.3341678471395254
3.8160000000000003,-1.0243106803607802
3.818,-0.7362728924612321
3.8200000000000003,-0.8718213804200734
3.822,-0.8598035652558703
3.8240000000000003,-0.2342235542418107
3.826,0.10671494605395723
3.8280000000000003,0.6167377020349102
3.83,0.8385024650725972
3.8320000000000003,1.1195814821576815
3.834,0.5289937956663557
3.8360000000000003,0.32356194145512457
3.838,-0.3326919233951535
3.84,-0.5903566560374663
3.842,-0.94477672074905
3.844,-1.1749123934828858
3.846,-0.6632909072018631
3.848,-0.28516113513307845
3.85,-0.07094219391849953
3.852,0.5473826697613658
3.854,0.8256164762709195
3.856,1.028637776858492
3.858,1.0974823217576328
3.86,0.5540054834576694
3.862,0.3506863641071717
3.864,-0.40436313698121507
3.866,-0.7822770272279348
3.868,-0.7447181602028319
3.87,-0.9164497858614885
3.872,-0.940050239667573
3.874,-0.22042242216555585
3.876,0.08750537685310456
3.878,0.4754858600255784
3.88,0.8325254514077034
3.882,1.023289687885517
3.884,0.6305146722087606
3.886,0.19192562342128575
3.888,-0.17308571814890633
3.89,-0.5369081567786933
3.892,-0.9923919858722823
3.894,-1.1623024068907537
3.896,-1.1175295580304916
3.898,-0.5793559697532742
3.9,0.106166165950081
3.902,0.6077598484652778
3.904,0.9436414577331421
3.906,0.9759850216392864
3.908,0.9210921278726177
3.91,0.7471905214270945
3.912,0.01610282990747755
3.914,-0.32234447265634053
3.916,-1.005766009960295
3.918,-0.8964928617947648
3.92,-1.0077721758092473
3.922,-0.8298600658078015
3.924,-0.15151116295046507
3.926,0.10895948945645664
3.928,0.5754922084271898
3.93,1.1443012021522116
3.932,0.8507565597938741
3.934,0.6880249777102648
3.936,0.282209848509407
3.938,-0.026649738254062874
3.94,-0.8186389265079654
3.942,-0.7475981192540155
3.944,-1.028626856815703
3.946,-0.8841717602292632
3.948,-0.5945053930411853
3.95,-0.018289536180080508
3.952,0.6666458710990574
3.954,0.8710926961325953
3.956,0.8807660072505155
3.958,0.8611494531171493
3.96,0.6549891675439177
3.962,0.1360622933801222
3.964,-0.40047964664649394
3.966,-0.6944922236088209
3.968,-0.9368830038415094
3.97,-1.0865721307625873
3.972,-0.9253350895701105
3.974,-0.18575682737446628
3.976,0.48225112035743145
3.978,0.5813455967346548
3.98,0.9333252315696596
3.982,1.1525539704160324
3.984,0.9892606331312322
3.986,0.3763275312826249
3.988,0.031811400188668654
3.99,-0.4933980274693726
3.992,-0.9747171804769338
3.994,-1.2518788500888283
3.996,-0.9586823872847736
3.998,-0.4353255436487634
4.0,0.05271850440926078
4.002,0.41859976518184594
4.0040000000000004,0.7364778653447589
4.006,0.796798997774622
4.008,0.6935362785705161
4.01,0.572429460148992
4.0120000000000005,-0.07267907424925674
4.014,-0.3700240303320363
4.016,-0.8708540252345742
4.018,-1.035874604979449
4.0200000000000005,-0.6838056774099543
4.022,-0.6784784141128702
4.024,-0.29188937961210193
4.026,0.22689406007392152
4.0280000000000005,0.49924452161996513
4.03,1.1194456214087098
4.032,1.0888945215048977
4.034,0.70361839646992
4.0360000000000005,0.3969560135497963
4.038,-0.2097796618709087
4.04,-0.5379555257295825
4.042,-1.0736969316000093
4.0440000000000005,-0.9643940681164715
4.046,-0.6555532373254127
4.048,-0.42563677476585576
4.05,-0.07419981218650792
4.0520000000000005,0.6011809263670876
4.054,1.0895957224652293
4.056,1.0899368172493469
4.058,0.9170535822957235
4.0600000000000005,0.4869116381045878
4.062,0.18011194143094666
4.064,-0.12641230610920387
4.066,-1.0241224974297585
4.0680000000000005,-0.8593996117802108
4.07,-0.9324726719880391
4.072,-0.4942525781225031
4.074,-0.26477686377483695
4.0760000000000005,-0.023383813272403242
4.078,0.9349571007634907
4.08,0.8052718354001625
4.082,1.0829221908672408
4.0840000000000005,0.75447212881208
4.086,0.3631468395386408
4.088,-0.10802794975883535
4.09,-0.6564242764820304
4.0920000000000005,-0.8813653745341629
4.094,-0.9593386428958439
4.096,-0.7435319911453253
4.098,-0.46603305146786894
4.1,0.040073417383081754
4.102,0.6487640359071586
4.104,0.7309046877327565
4.106,1.0068468565136541
4.108,0.964971666990033
4.11,0.7179844869669689
4.112,0.11733820235981801
4.114,-0.3556320916148773
4.116,-0.813888023168174
4.118,-0.8263333116893342
4.12,-0.9914417636056371
4.122,-0.5983761235121412
4.124,-0.26150000269500234
4.126,0.25256840458426394
4.128,0.5307556772758023
4.13,0.9581876826786668
4.132,0.9785594529267566
4.134,0.5839603581314011
4.136,0.27501910213569414
4.138,-0.1824021372055903
4.14,-0.7800096776657737
4.142,-1.0578772935789287
4.144,-0.8132389256849852
4.146,-0.9738413586631165
4.148,-0.5894752276521578
4.15,-0.17550766811914592
4.152,0.6360887795882939
4.154,0.9597864895207666
4.156,1.0380403498053679
4.158,0.9154197601119036
4.16,0.5259354027065362
4.162,0.08957067493523493
4.164,-0.45289502339251053
4.166,-0.6877404965546997
4.168,-0.8952484159701682
4.17,-0.8362995674334465
4.172,-0.4269121949446242
4.174,-0.1597681392799456
4.176,0.32847761175658363
4.178,0.810755444895486
4.18,0.7571590418795071
4.182,0.9828823266236704
4.184,0.5803260721483339
4.186,0.5664535123034671
4.188,-0.1873259108996976
4.19,-0.3648271192267838
4.192,-0.7713475891861452
4.194,-1.0674667550454833
4.196,-1.0530325129489415
4.198,-0.6230913712015764
4.2,0.13061227650946555
4.202,0.44135201047871786
4.204,0.6580661856308805
4.206,0.9697707267259198
4.208,1.1176735633901524
4.21,0.7901360751259865
4.212,0.065845799263821
4.214,-0.32938111737266457
4.216,-0.6934645450347502
4.218,-1.1682824219286971
4.22,-1.0180679711476361
4.222,-0.7355251394257861
4.224,-0.1978830144773943
4.226,0.1845228928055257
4.228,0.5088349935655965
4.23,0.9918233647913783
4.232,0.9015590991980471
4.234,0.6161134710115025
4.236,0.2140390626401594
4.238,-0.15337127392779096
4.24,-0.40532449125045794
4.242,-0.9267750473987771
4.244,-0.8630883929360675
4.246,-1.126764015842892
4.248,-0.5872097192499035
4.25,-0.1581838475600131
4.252,0.44723018714709883
4.2540000000000004,0.9411747954580127
4.256,0.9293121639917419
4.258,0.7483405090786865
4.26,0.7069571748158929
4.2620000000000005,0.02950014430811107
4.264,-0.33385218526091825
4.266,-0.8541322219020862
4.268,-0.9172620331269051
4.2700000000000005,-0.9992850176294081
4.272,-0.5845613029741481
4.274,-0.1706027152782795
4.276,0.5279997336725869
4.2780000000000005,0.6744657090872607
4.28,0.8284150941050519
4.282,0.8362844852126983
4.284,0.6954045961037714
4.2860000000000005,0.41531782866282535
4.288,-0.2150919772821711
4.29,-0.3967851961145099
4.292,-0.8796383766719026
4.2940000000000005,-1.1208803579912137
4.296,-0.9025412148125243
4.298,-0.5620257661767557
4.3,0.022415920914908096
4.3020000000000005,0.352819767639703
4.304,1.0055264037572094
4.306,0.9532231998253017
4.308,0.8749907120737472
4.3100000000000005,0.7038652135507104
4.312,0.031217864466960177
4.314,-0.36829697164342967
4.316,-0.5451542885827847
4.3180000000000005,-0.9305887287362682
4.32,-0.9141102371797094
4.322,-0.7444506500413529
4.324,-0.37370895473765897
4.3260000000000005,0.46859098269277133
4.328,0.6644145984731634
4.33,1.1897162939708275
4.332,0.8962920386876041
4.3340000000000005,0.9283152010728721
4.336,0.34230733588884
4.338,-0.07292570079064578
4.34,-0.43479224025277585
4.3420000000000005,-0.8493070144578244
4.344,-0.8971080111346854
4.346,-1.0408559225300373
4.348,-0.5396838243177814
4.3500000000000005,0.25710601948133993
4.352,0.4529412954716707
4.354,0.88439348039025
4.356,0.9775192760190011
4.358,0.8266677539644893
4.36,0.39991729607968324
4.362,-0.018233191250559416
4.364,-0.15655254130379126
4.366,-0.7804545915539834
4.368,-1.1317720227062444
4.37,-1.064736722477288
4.372,-0.5747192714504592
4.374,-0.3677876862886862
4.376,0.17005605743505853
4.378,0.5441378641704897
4.38,0.7927292730773287
4.382,1.1896457237627576
4.384,0.7527973186570085
4.386,0.3276971980050272
4.388,-0.20096152027757352
4.39,-0.4981990448088065
4.392,-0.8970974423538959
4.394,-0.9612667236936823
4.396,-0.8271179558945889
4.398,-0.526684496515103
4.4,-0.060468523968403846
4.402,0.26360128158091123
4.404,0.7824900872487915
4.406,1.2700797329942652
4.408,0.7489761484877004
4.41,0.588334982929733
4.412,0.1675484708345411
4.414,-0.2179838430807694
4.416,-0.4362526566687487
4.418,-1.032181697711733
4.42,-1.061346415818547
4.422,-0.551237509302135
4.424,-0.2219054359911781
4.426,0.5009785633098999
4.428,0.7757534129950452
4.43,0.8669597299509706
4.432,0.9575616938514464
4.434,0.8237075627336774
4.436,0.4310828436346143
4.438,-0.26794068456362163
4.44,-0.8297414198200488
4.442,-1.1064913057912664
4.444,-0.9204229529219545
4.446,-0.8635966166571017
4.448,-0.7124727766592842
4.45,-0.06926449424554106
4.452,0.23818689887299793
4.454,0.811234975968876
4.456,0.8892135184469742
4.458,0.8346665675358468
4.46,0.5771781880176803
4.462,0.14829773615293723
4.464,-0.3606358613932856
4.466,-0.6080933747502573
4.468,-0.6803739167705096
4.47,-0.843927666971238
4.472,-0.7083921156245312
4.474,-0.15413494368210381
4.476,0.15724096702067653
4.478,0.5807035770512626
4.48,0.8415033082278857
4.482,1.0190495059424518
4.484,0.9262470999946082
4.486,0.6477948180962592
4.488,0.04118509610604204
4.49,-0.5000557104673131
4.492,-0.99137955226615
4.494,-0.9883887263578999
4.496,-0.7759915381981292
4.498,-0.4971261853154114
4.5,0.23424245476309483
4.502,0.3786503265368845
4.5040000000000004,0.7545298500386667
4.506,1.045814855950585
4.508,1.1571688492339205
4.51,0.35984496351159106
4.5120000000000005,0.018949309253177338
4.514,-0.2061793225335676
4.516,-0.8558868120709672
4.518,-0.7233697886577389
4.5200000000000005,-1.0543571453287184
4.522,-0.5497092495240088
4.524,-0.2597776179258231
4.526,0.30647636470758144
4.5280000000000005,0.5542914507665861
4.53,0.7490866151669126
4.532,1.079807445953132
4.534,0.703956336491538
4.5360000000000005,0.25260501727321294
4.538,-0.26431645129340775
4.54,-0.7191915424370688
4.542,-0.7346678084376417
4.5440000000000005,-1.1140429787907886
4.546,-0.9125402745057379
4.548,-0.2344562023163824
4.55,-0.05436084602327663
4.5520000000000005,0.4810424231785475
4.554,0.8905575789621746
4.556,0.9608068133694858
4.558,0.8182997087178118
4.5600000000000005,0.7485965055977963
4.562,0.1655498151995684
4.564,-0.4472791829124186
4.566,-0.9447052567458815
4.5680000000000005,-1.1278568060694445
4.57,-1.0798862796523694
4.572,-0.9556477412620468
4.574,-0.10107494698065433
4.5760000000000005,0.26152836965194703
4.578,0.7520277568443353
4.58,0.7726425169451376
4.582,0.9212881870965569
4.5840000000000005,0.7403223266908759
4.586,0.37762946434598793
4.588,-0.15127231986661996
4.59,-0.7443262032042266
4.5920000000000005,-0.7675342807609795
4.594,-0.9087132410242309
4.596,-0.8349147759812333
4.598,-0.3519571452668726
4.6000000000000005,0.15191096414189945
4.602,0.6570281244374542
4.604,0.8648272836062106
4.606,0.958443348073011
4.6080000000000005,0.8444938959554903
4.61,0.6998518669951102
4.612,0.037128692514282455
4.614,-0.4829943813313514
4.616,-0.7008015217704174
4.618,-0.9165229574530486
4.62,-0.8710146371251751
4.622,-0.7913306213347635
4.624,-0.21087418590317222
4.626,0.3637824173442892
4.628,0.6242114932676147
4.63,0.9173399037054945
4.632,0.9448215118084669
4.634,0.9615448406495244
4.636,0.48139523929779116
4.638,-0.29390097018424954
4.64,-0.7790096315640035
4.642,-0.8230799585524187
4.644,-1.024823023725003
4.646,-0.7773604820454318
4.648,-0.44834424233604353
4.65,0.12695058918962646
4.652,0.2773308324079088
4.654,0.7754377996528872
4.656,1.0295875620183499
4.658,0.9343100353099827
4.66,0.46856303990667786
4.662,0.05904650615713425
4.664,-0.4417903869456955
4.666,-0.7648951349727173
4.668,-0.8941959598765916
4.67,-0.9856948458714039
4.672,-0.7037926343795678
4.674,-0.5120187673683299
4.676,0.11526319361434215
4.678,0.9175470125256353
4.68,0.7354434470607456
4.682,1.1538504419662348
4.684,0.7330553331521781
4.686,0.12126500190753275
4.688,0.057960898872492034
4.69,-0.4263221371198195
4.692,-0.9681071662843961
4.694,-0.8889724203548851
4.696,-0.8890792942133618
4.698,-0.4753500341698644
4.7,0.020907282740461094
4.702,0.4527056348752755
4.704,0.9102642919273359
4.706,1.0465320979260733
4.708,0.8390777585933235
4.71,0.6250044217883565
4.712,0.059872817436484344
4.714,-0.35129774748705245
4.716,-0.8329912872013754
4.718,-0.9700535961320014
4.72,-0.7497859511556456
4.722,-0.766769599399565
4.724,-0.4326683734412058
4.726,0.4491430669129137
4.728,0.7213200430549483
4.73,0.8692461137483046
4.732,0.9508954336745628
4.734,0.6556151296652852
4.736,0.4860521728146754
4.738,-0.035635601996190217
4.74,-0.5087464627625017
4.742,-0.87713793733142
4.744,-1.2558058179984188
4.746,-0.9935825569552333
4.748,-0.4459922287374193
4.75,-0.33384215188221195
4.752,0.47178780816298627
4.7540000000000004,0.7154017208319131
4.756,1.0776591954012675
4.758,0.880105737657629
4.76,0.72093715591672
4.7620000000000005,0.16779106046661457
4.764,-0.3538214043466214
4.766,-0.8929042093726826
4.768,-0.903357070246742
4.7700000000000005,-0.6518775672242039
4.772,-0.8996241084643095
4.774,-0.3774176719780221
4.776,0.45793846416090406
4.7780000000000005,0.7489014463042784
4.78,0.9138453366656104
4.782,1.0806158323975206
4.784,0.8123219112987371
4.7860000000000005,0.2860616878494416
4.788,-0.20936636688540292
4.79,-0.4802400807623936
4.792,-0.8616587694545492
4.7940000000000005,-0.8625153305970579
4.796,-0.7621193487399819
4.798,-0.5589594972493349
4.8,0.19164746129882576
4.8020000000000005,0.36567208325880673
4.804,0.7873290872393086
4.806,0.8995970827134558
4.808,0.7286379734757815
4.8100000000000005,0.6660722608650996
4.812,-0.007056050847955964
4.814,-0.45416127172717935
4.816,-0.6519658236903811
4.8180000000000005,-0.8734924568918452
4.82,-1.029196474324309
4.822,-0.8490243573566147
4.824,-0.2617990896574379
4.8260000000000005,0.04776888884301014
4.828,0.5574929881376911
4.83,0.9022962282191177
4.832,0.9624034277951053
4.8340000000000005,0.7006967398431061
4.836,0.3498483988941361
4.838,0.0484491364642734
4.84,-0.5089283122375292
4.8420000000000005,-0.731398532156651
4.844,-0.8853569964439889
4.846,-0.8151577749446774
4.848,-0.6343860080348505
4.8500000000000005,-0.16800405616637168
4.852,0.47916521236295406
4.854,0.7929482380908612
4.856,0.8805141552141494
4.8580000000000005,0.9563446801278702
4.86,0.7417050602254129
4.862,0.11677168559513057
4.864,-0.35733130252002837
4.866,-0.8392904337662854
4.868,-1.0687912402145663
4.87,-0.7028827855825457
4.872,-0.8425324275531352
4.874,-0.26896281554829093
4.876,0.19246499018675178
4.878,0.6707289644607641
4.88,1.082625971467181
4.882,1.1072462864676602
4.884,0.7528950918129752
4.886,0.5093966584068985
4.888,-0.22172143755223522
4.89,-0.5430612231865839
4.892,-0.6810652615100176
4.894,-1.0706545667750538
4.896,-0.818535776998262
4.898,-0.2933172233684277
4.9,-0.10593594390074536
4.902,0.48984213293873746
4.904,0.8047438741900317
4.906,0.8575785696560353
4.908,0.9556601958424886
4.91,0.4816416425068929
4.912,0.3335333332718211
4.914,-0.3655265453726525
4.916,-0.7969381490312513
4.918,-0.9771478942544704
4.92,-0.9381316873292196
4.922,-0.7095982259799613
4.924,-0.24149378182556386
4.926,0.17641116011312802
4.928,0.6217459134860138
4.93,1.0173287290235131
4.932,0.7136554201086953
4.934,0.6699835527227189
4.936,0.36920031271238657
4.938,-0.08228117056241374
4.94,-0.6368932445475028
4.942,-0.8876977858422108
4.944,-1.041969587993619
4.946,-1.0783002695987076
4.948,-0.36349572572727024
4.95,0.03369871242728914
4.952,0.3613724017262197
4.954,1.0297962069665907
4.956,1.0832171507665636
4.958,0.826174030273591
4.96,0.7269286522044522
4.962,0.19311239486367102
4.964,-0.2638990679012896
4.966,-0.8461848010675348
4.968,-1.0522802061980026
4.97,-1.0544759080816188
4.972,-0.7525816073210726
4.974,-0.5395453502485391
4.976,0.3849662560820177
4.978,0.5361136041636299
4.98,1.022694057283712
4.982,0.8190448155528858
4.984,0.7852009223037614
4.986,0.2181942666177339
4.988,-0.1278328831246636
4.99,-0.7889364052910744
4.992,-0.9792571847291163
4.994,-0.9150812963282291
4.996,-0.8174318987319544
4.998,-0.46024579035983304
5.0,-0.1079426032738083
5.002,0.20555437053430192
5.0040000000000004,0.732035882093319
5.006,0.9337780729518786
5.008,1.0908327650230778
5.01,0.6593990919810881
5.0120000000000005,0.16512626944505923
5.014,-0.4412899997841392
5.016,-0.8622127769508918
5.018,-0.901733330117729
5.0200000000000005,-0.9978394839638685
5.022,-0.726909342313215
5.024,-0.007532450722671863
5.026,0.1252326382606635
5.0280000000000005,0.6491370626275793
5.03,0.9196596668344827
5.032,0.900386447571503
5.034,0.5930181425802828
5.0360000000000005,0.5281141815269568
5.038,-0.30293895215048583
5.04,-0.7019117197172197
5.042,-0.8726034066792049
5.0440000000000005,-1.1544182135222716
5.046,-0.8639187071104337
5.048,-0.514018794000152
5.05,-0.029769742173617143
5.0520000000000005,0.46414121633681193
5.054,0.6672283997803277
5.056,0.9289303848415705
5.058,1.066345999961856
5.0600000000000005,0.7341434039896245
5.062,0.05230420589619306
5.064,-0.2317061210188136
5.066,-0.8886950341063485
5.0680000000000005,-1.1537959515167695
5.07,-1.20471392488599
5.072,-0.8244992255252497
5.074,-0.19086333319279777
5.0760000000000005,0.20775440211136476
5.078,0.8934865353496229
5.08,1.0566100533070808
5.082,0.9377471065737647
5.0840000000000005,0.7424371999888261
5.086,0.34097508639815555
5.088,0.0002976824789683308
5.09,-0.6360945677699974
5.0920000000000005,-0.9066505992958734
5.094,-1.0905039533372407
5.096,-0.6810182247963872
5.098,-0.5256519629967451
5.1000000000000005,-0.08133036546583272
5.102,0.29060609450244435
5.104,0.9658271123896167
5.106,0.923624085813689
5.1080000000000005,0.895976199606711
5.11,0.536174309648735
5.112,0.10187980039189158
5.114,-0.6174167791276067
5.1160000000000005,-0.8691688507183388
5.118,-1.1185441758060435
5.12,-0.6771377988816861
5.122,-0.5151876814299224
5.124,-0.19360464914200423
5.126,0.5613838756272279
5.128,0.8451618893930564
5.13,0.7819664977033621
5.132,0.8206787988898083
5.134,0.804195481019984
5.136,0.35940116884274453
5.138,-0.09874136981329859
5.14,-0.6915148542773976
5.142,-0.6727671846594202
5.144,-1.0421769107705692
5.146,-0.7034664166397654
5.148,-0.29824489943282895
5.15,-0.07358945523420263
5.152,0.5542297635767262
5.154,1.0446343563139007
5.156,1.181391372988492
5.158,0.9993569842672401
5.16,0.6430752722251463
5.162,0.1352481525737273
5.164,-0.20858555988777813
5.166,-0.6971972508642769
5.168,-0.9666584506071983
5.17,-1.0104962759160665
5.172,-0.8546347327131485
5.174,-0.27050933552679024
5.176,0.48313299052035374
5.178,0.6237361082666786
5.18,0.8704270153112574
5.182,0.9520255957800995
5.184,0.7437464108737524
5.186,0.29781202253918143
5.188,-0.04445038532264922
5.19,-0.5468189223120121
5.192,-0.7560889201160456
5.194,-0.9223908036110744
5.196,-0.82087875737358
5.198,-0.7462002564225567
5.2,0.024789964182704096
5.202,0.3996269543647034
5.204,0.9798450291627242
5.206,1.0072613095133287
5.208,0.8089329367289184
5.21,0.5194763652241278
5.212,-0.02574576160555364
5.214,-0.4369749592787504
5.216,-0.7308805979836032
5.218,-0.8340580346245511
5.22,-0.8856880905086645
5.222,-0.5827332477494467
5.224,-0.13663932103183013
5.226,0.2079960060482965
5.228,0.867270524577663
5.23,0.7810883871141167
5.232,0.997801770597031
5.234,0.704403018092339
5.236,0.1209828727130138
5.238,0.08327430129809316
5.24,-0.8389816530723438
5.242,-0.8181458481754633
5.244,-0.7725469039464534
5.246,-0.869869342908856
5.248,-0.4962608914419373
5.25,-0.2387593380077367
5.252,0.45034210676736747
5.2540000000000004,1.0267712482191345
5.256,0.9323736837630645
5.258,0.7823028685635858
5.26,0.2965951108486071
5.2620000000000005,0.2869987576972597
5.264,-0.3163449025424162
5.266,-0.8084901915105641
5.268,-0.8511641217092142
5.2700000000000005,-1.017786166400259
5.272,-0.7265477138303221
5.274,0.01839160112592672
5.276,0.1359904449497755
5.2780000000000005,0.7210544694163898
5.28,0.9791631070483784
5.282,0.9945399387067517
5.284,0.7713021251334485
5.2860000000000005,0.2038206675670413
5.288,-0.1426230581805169
5.29,-0.6182743619177749
5.292,-0.9889398479732989
5.2940000000000005,-1.1028388306059596
5.296,-0.9702878311118662
5.298,-0.5835337162248351
5.3,0.05144109436494404
5.3020000000000005,0.4863378039726292
5.304,1.052495714546223
5.306,1.073891823026054
5.308,0.8300024011779862
5.3100000000000005,0.5199950489722986
5.312,0.10358317948170206
5.314,-0.412137379440367
5.316,-0.7700487422375286
5.3180000000000005,-0.7381946958086819
5.32,-0.9701668292546569
5.322,-0.6679493631642943
5.324,-0.39853028528636025
5.3260000000000005,0.060006140376323014
5.328,0.6674910778847777
5.33,0.8985855990129397
5.332,1.0076502134967178
5.3340000000000005,0.9411454523737901
5.336,0.30393704453506704
5.338,-0.21141566763057268
5.34,-0.46474562225979554
5.3420000000000005,-0.9596108382145266
5.344,-0.9907946032243216
5.346,-0.8576164202496508
5.348,-0.2454586880184142
5.3500000000000005,-0.21164317382457767
5.352,0.37853024275098596
5.354,0.9261607625079069
5.356,1.1439010896945054
5.3580000000000005,0.7754285363672154
5.36,0.736016657907033
5.362,0.06610363454371254
5.364,-0.4594470890030176
5.3660000000000005,-0.8497472724176722
5.368,-0.937795437407919
5.37,-0.8901205035978146
5.372,-0.7945448092623911
5.3740000000000006,-0.22279130692027693
5.376,0.200644411732739
5.378,0.5345632911652212
5.38,1.1637873874363716
5.382,0.8606281582537625
5.384,0.7834070276750823
5.386,0.22165070675591683
5.388,-0.179578133119616
5.39,-0.5763587106630788
5.392,-0.8845326434500368
5.394,-1.1267573062070635
5.396,-0.8594011665488507
5.398,-0.4377502867665235
5.4,0.1866254715484944
5.402,0.5821160153335043
5.404,0.9792356993555908
5.406,1.0776253117456056
5.408,0.820941833216844
5.41,0.5464952421611273
5.412,0.23932339948684592
5.414,-0.45456381129352086
5.416,-0.9115155267722087
5.418,-0.9877919714538751
5.42,-1.1796573308089875
5.422,-0.7829313613333235
5.424,-0.3919805091465826
5.426,0.1968212137161659
5.428,0.8495653719526193
5.43,1.242678583277412
5.432,1.056859442568419
5.434,0.6497205015869679
5.436,0.4600555871595515
5.438,-0.07245918043677643
5.44,-0.6635290385563262
5.442,-0.7940374714682121
5.444,-1.0588316482286235
5.446,-0.9171892350491714
5.448,-0.47453966395069375
5.45,0.08619233729080447
5.452,0.43544013338122756
5.454,0.888994508959999
5.456,0.767989007634439
5.458,0.9415791854759706
5.46,0.5276245656081681
5.462,0.05957950317590499
5.464,-0.6857257991453223
5.466,-0.9527408057893396
5.468,-1.2017780602697794
5.47,-0.8749247338644828
5.472,-0.8004738481281393
5.474,-0.21432180121311567
5.476,0.3315433474852648
5.478,0.6158389746431939
5.48,0.8218604401171642
5.482,1.1345008390331555
5.484,0.8034506271227773
5.486,0.2131228091391016
5.488,-0.06492421621196576
5.49,-0.6712560533996611
5.492,-0.8463699954514703
5.494,-0.8941406890195042
5.496,-0.9470525318499133
5.498,-0.4199331645897124
5.5,-0.3786697996582252
5.502,0.5505513852400163
5.5040000000000004,0.597863791418707
5.506,1.3155984375882164
5.508,0.9493606213358158
5.51,0.5106357414482646
5.5120000000000005,0.26783567880879877
5.514,-0.46676330628717305
5.516,-0.755527761012163
5.518,-1.018112357156502
5.5200000000000005,-0.9509084358221324
5.522,-0.7549061247516208
5.524,-0.1935967239847689
5.526,0.1556586969274824
5.5280000000000005,0.6986958171509441
5.53,1.0300853869441047
5.532,0.9074065540700045
5.534,0.8755874819315907
5.5360000000000005,0.42920103185160635
5.538,-0.1624933194502705
5.54,-0.6524167602321387
5.542,-0.9109626879575924
5.5440000000000005,-1.0549693867785068
5.546,-0.9089387221958268
5.548,-0.4984387453044881
5.55,-0.026687520509184704
5.5520000000000005,0.49518020150537956
5.554,1.022856687437102
5.556,1.112675934236762
5.558,1.011653565074529
5.5600000000000005,0.6528343037226297
5.562,0.04941084873752784
5.564,-0.5014956760566962
5.566,-0.7991278461344855
5.5680000000000005,-0.8331357177236871
5.57,-0.8002654903523087
5.572,-0.8678836080823615
5.574,-0.4717769490619772
5.5760000000000005,0.4592924112099327
5.578,0.8637330679396593
5.58,0.8722705401824316
5.582,0.9725776437036064
5.5840000000000005,0.7767990074715886
5.586,0.5068427119482116
5.588,-0.1866930119192568
5.59,-0.5133715802882077
5.5920000000000005,-0.8704012645438916
5.594,-0.960224344752373
5.596,-0.7117923582111947
5.598,-0.46331231167572207
5.6000000000000005,-0.16111769541636833
5.602,0.5952250554450282
5.604,0.7830848986070871
5.606,1.1109205773763051
5.6080000000000005,0.9381174969675437
5.61,0.4648048894236161
5.612,0.1574041024265082
5.614,-0.4479759287819215
5.6160000000000005,-0.7365352602207289
5.618,-1.0331243605937563
5.62,-0.8240493886154013
5.622,-0.7740420316817096
5.6240000000000006,-0.2949172497198055
5.626,0.16068441750180984
5.628,0.5847196951988249
5.63,0.9171368364388923
5.632,1.009222444753269
5.634,0.8410203505584911
5.636,0.37454232405871407
5.638,-0.18255671566239312
5.64,-0.783829640906819
5.642,-0.7863607105455606
5.644,-1.0618564774309824
5.646,-0.7939384694010874
5.648,-0.6156838469568338
5.65,0.19040331958986184
5.652,0.5687121608557907
5.654,0.7325857583644415
5.656,1.0417936046711094
5.658,1.0736671399419682
5.66,0.5655763513379135
5.662,-0.08859408772442187
5.664,-0.3106833216782068
5.666,-0.5382138209540516
5.668,-1.183128243552743
5.67,-0.8221913923035497
5.672,-0.7138271415630517
5.674,-0.26015359058977194
5.676,0.2727992718947081
5.678,0.6860961640271125
5.68,1.0595463394691396
5.682,0.8358507499080843
5.684,0.7596943104101481
5.686,0.25048091577369747
5.688,-0.18955187970731777
5.69,-0.21400382351518893
5.692,-1.0112000532778107
5.694,-0.9415861970313754
5.696,-0.8058099173083099
5.698,-0.723174754680731
5.7,-0.14425494061733446
5.702,0.2533772399487327
5.704,0.8251045796775007
5.706,0.8327179692098797
5.708,0.7920034868753552
5.71,0.39475298575943163
5.712,0.20998296713013287
5.714,-0.2930727752798281
5.716,-0.5836138073750023
5.718,-1.0044022650959814
5.72,-0.8582468032232365
5.722,-0.5425073912869212
5.724,0.014370263208195316
5.726,0.09156708724892546
5.728,0.5826520358703726
5.73,0.8277077261964804
5.732,0.8079279714882073
5.734,0.8603494927258764
5.736,0.45968247763600095
5.738,-0.30109902014890433
5.74,-0.7243078886078709
5.742,-0.8653814711751492
5.744,-1.0598553210518864
5.746,-0.8155311291700144
5.748,-0.5030138578481179
5.75,0.13329001067421525
5.752,0.6234298122553432
5.7540000000000004,0.6142365593480437
5.756,1.168570537557
5.758,0.8442423913989374
5.76,0.44518821838329076
5.7620000000000005,0.2011447165575228
5.764,-0.4913151078009398
5.766,-0.9286026922393136
5.768,-1.0256651075751901
5.7700000000000005,-0.7798951496786162
5.772,-0.9131375920358418
5.774,-0.379629358496518
5.776,0.03598916827396037
5.7780000000000005,0.5330603099160695
5.78,0.9323759708334558
5.782,0.8163325912920414
5.784,0.8095411497309336
5.7860000000000005,0.38143068157752885
5.788,-0.034520786230528525
5.79,-0.346353578114063
5.792,-1.0291210322790387
5.7940000000000005,-1.0585013175615015
5.796,-0.920315207495649
5.798,-0.5386105543943863
5.8,0.05072013448471585
5.8020000000000005,0.5571792704778427
5.804,0.7807067596325745
5.806,1.165479608862954
5.808,0.8706704657032457
5.8100000000000005,0.5732131355606596
5.812,0.013432685084133283
5.814,-0.2841311009731545
5.816,-0.6767449704754247
5.8180000000000005,-0.9819347456878231
5.82,-1.2217831663350402
5.822,-0.7152097911381123
5.824,-0.17408962358295643
5.8260000000000005,0.19621903153338432
5.828,0.6723841974547078
5.83,1.0155070454818984
5.832,0.7535108101444716
5.8340000000000005,0.8704422533222634
5.836,0.13000457592919218
5.838,-0.11331974470219668
5.84,-0.5154878953837374
5.8420000000000005,-0.9679436851703536
5.844,-0.9392858136434369
5.846,-0.7822283233128823
5.848,-0.5486154441815321
5.8500000000000005,-0.053362782396783
5.852,0.5828378116906806
5.854,0.8828649068132797
5.856,1.0735342362549003
5.8580000000000005,0.9564869642571284
5.86,0.5161959383497399
5.862,-0.007573640321276859
5.864,-0.4965567307573593
5.8660000000000005,-0.9385000839540397
5.868,-1.2348822053118276
5.87,-1.0252481747517281
5.872,-0.7978184800417252
5.8740000000000006,-0.24060042163695558
5.876,0.21998474958189682
5.878,0.7314681188887187
5.88,1.0926221780362322
5.882000000000001,0.8589417212604016
5.884,0.7390468314105116
5.886,0.32024953107032667
5.888,-0.23517868228901134
5.89,-0.7377981555443484
5.892,-0.8973266255972818
5.894,-0.9648858332897997
5.896,-0.8791938322322745
5.898,-0.41104108447447657
5.9,0.03920796097137133
5.902,0.6089635862332659
5.904,0.8497679093485938
5.906,1.017289584915264
5.908,1.0457596428715294
5.91,0.5335124474152054
5.912,0.1834326478266876
5.914,-0.24296655352514118
5.916,-0.6570095823561339
5.918,-0.877688457626296
5.92,-0.8724571327809817
5.922,-0.7200204686126331
5.924,-0.124903132879461
5.926,0.18545735834306343
5.928,0.6317149292169081
5.93,0.9243573039810296
5.932,1.050447504575454
5.934,0.9728980171467994
5.936,0.5342676127980029
5.938,0.03491291536383595
5.94,-0.5007925088189515
5.942,-0.8852615523226491
5.944,-1.1071085900658741
5.946,-0.9176563892610444
5.948,-0.4641670474644204
5.95,0.21466654005884506
5.952,0.5545105657969087
5.954,0.8912170295165301
5.956,1.0711587268727873
5.958,0.7363032071596392
5.96,0.5047721569054611
5.962,0.19027907511583098
5.964,-0.23941090931042597
5.966,-0.8450883111398795
5.968,-0.9119993457945654
5.97,-1.187754012268797
5.972,-0.6211169094125643
5.974,-0.06917041824021983
5.976,0.22353597590336957
5.978,0.6072134518690673
5.98,1.2874760301674553
5.982,0.988529821531339
5.984,0.9444868338069923
5.986,0.28646105328154625
5.988,-0.2747534513408215
5.99,-0.7801054622689053
5.992,-0.779576242219002
5.994,-1.2064582833218185
5.996,-1.0952521385413805
5.998,-0.558877617471467
